Refs,Qty,Value,Manufacturer part,Footprint,Status,Notes
BT1,1,CP1254 A4X,VARTA CoinPower CP 1254 A4X,VARTA_CP1254_Tabs,FIT,"3.7 V, 74 mAh, 12.1 mm dia. Alt CP1240 A4X (50 mAh, thinner). Needs an external protection circuit (not on rev0 yet)."
C1 C4 C11 C12 C20,5,1uF,X5R/X7R ceramic,C_0402,FIT,U5 REG | U5 VDD (VBAT) | VBUS | VSYS | nPM1300 VBUSOUT (ref C5)
C2 C5 C6 C7 C17 C18,6,10uF,X5R/X7R ceramic,C_0603,FIT,1V8 out | 3V0 out | VBUS | VSYS (nPM1300 ref C3) | VSYS (nPM1300 ref C4) | VSYS / PVDD (nPM1300 ref C2)
C3,1,2.2uF,X5R/X7R ceramic,C_0603,FIT,VBAT (nPM1300 ref C6)
C8 C9 C10 C19,4,100nF,X5R/X7R ceramic,C_0201,FIT,"U3 VDD (typ.) | U3 VDD_IO (typ.) | U4 VDD, X7R, closest part to pin 7 | nPM1300 VDDIO (ref C13)"
C13 C14,2,1uF,X5R/X7R ceramic,C_0402,DNP,U7 VDDHI | U7 VREG
C15,1,100nF,X5R/X7R ceramic,C_0201,DNP,U6 VDD (typ.)
C16,1,TBC,X5R/X7R ceramic,C_0402,FIT,"U1 VDD bulk, value per BL54L15u datasheet (TBC)"
D1,1,TVS 5V,"TBC (0201/0402 ESD diode, 5 V working)",D_0201,FIT,Part TBC.
E1,1,Shell electrode,Contact to metal shell / touch area,Pad_Spring_Contact,FIT,Qvar touch surface. Shared by R5 (U7 fallback) and R6 (Qvar); fit one.
J1,1,Pogo pads,Gold pads for case pogo pins,Pads_2x1.5mm,FIT,
L1 L2,2,2.2uH,"DCR<400mOhm, +/-20%",L_0806,FIT,BUCK1 (nPM1300 ref). | BUCK2 (nPM1300 ref).
M1,1,LRA 8 mm,Vybronics VG0832013D,LRA_Coin_8mm_Pads,FIT,"Alt: VG0640001D (6 mm). Mounted on flex, pressed toward skin."
R1 R2,2,4.7k,1% thick film,R_0201,FIT,I2C SCL pull-up to 1V8 | I2C SDA pull-up to 1V8
R3,1,47k,1% thick film,R_0201,FIT,nPM1300 VSET1 -> BUCK1 1.8 V at start-up (PS Table 17)
R4,1,150k,1% thick film,R_0201,FIT,nPM1300 VSET2 -> BUCK2 3.0 V at start-up (PS Table 18)
R5,1,470R,1% thick film,R_0201,DNP,"U7 CX series (ESD), per IQS227 datasheet"
R6,1,TBC,1% thick film,R_0201,FIT,U3 QVAR1 series to shell electrode (TBC)
R7 R8,2,330R,1% thick film,R_0201,FIT,"Ezurio Note 7 series resistor, U1 P1.10 PMIC_INT | Ezurio Note 7 series resistor, U1 P1.11 TDM_WCLK"
RT1,1,10k NTC,"Murata NCP03XH103F05RL (0201, B3380)",R_0201,FIT,Battery thermistor against the cell (nPM1300 PS Table 11).
TP1,1,TP SWDIO,Test pad,TestPoint_Pad_D1.0mm,FIT,
TP2,1,TP SWDCLK,Test pad,TestPoint_Pad_D1.0mm,FIT,
TP3,1,TP 1V8,Test pad,TestPoint_Pad_D1.0mm,FIT,
TP4,1,TP GND,Test pad,TestPoint_Pad_D1.0mm,FIT,
TP5,1,TP SHPHLD,Test pad,TestPoint_Pad_D1.0mm,FIT,
TP6,1,TP TOUT,Test pad,TestPoint_Pad_D1.0mm,DNP,
TP7,1,TP POUT,Test pad,TestPoint_Pad_D1.0mm,DNP,
U1,1,BL54L15u,Ezurio 453-00223 (chip antenna),Ezurio_BL54L15u_LGA45_7.9x6.3mm,FIT,"7.9 x 6.3 x 1.75 mm, FCC/CE/ISED/MIC/RCM. Pad numbers TBC from module datasheet. Clock pins P1.03/P1.04/P1.08/P1.11/P1.12 (Nordic pin table). Ezurio Note 7: P1.09-P1.12 below 1 MHz behind >=330 R. Same pin map as the dev board (hardware/devboard). Interrupt inputs on P0/P1 only (P2 cannot raise pin interrupts)."
U2,1,nPM1300,Nordic NPM1300-QEAA-R,QFN-32_5x5mm_P0.5mm,FIT,"I2C 0x6B. Per nPM1300 PS v1.2.1 Config 1: PVDD tied to VSYS, 3x10uF on VSYS, 100nF on VDDIO, 1uF on VBUSOUT. CC1/CC2 unused (may float, PS 6.1.3). LOADSW2 unused: LSIN2/LSOUT2 to GND. NTC: 10k B3380 thermistor RT1 (PS Table 11; never leave NTC floating)."
U3,1,LSM6DSV16BX,ST LSM6DSV16BXTR,ST_LGA-14_2.5x3.0mm,FIT,SA0 low -> I2C 0x6A (avoids nPM1300 0x6B). Qvar touch on QVAR1.
U4,1,T5838,TDK InvenSense T5838,TDK_T5838_LGA-7_3.5x2.65mm,FIT,Supply 1.62-1.98 V only - this sets the board's 1.8 V logic.
U5,1,DRV2605L,TI DRV2605LDGSR,VSSOP-10_3x3mm_P0.5mm,FIT,I2C 0x5A. EN high before register writes. Confirm 1.8 V I2C logic thresholds (TBC). Pad numbers TBC.
U6,1,V2S200D,Syntiant V2S200D,V2S200D_3.30x2.30mm,DNP,Option: shares PDM bus on the left channel. Pin names/numbers TBC from datasheet.
U7,1,IQS227B,Azoteq IQS227B-00000000-DNR,DFN-6_2x2mm,DNP,Fallback only if Qvar touch fails. Outputs swing to VDDHI (3.0 V): add a level translator before U1 if fitted.
