Ref,Part,Pin,Net,Status
BT1,CP1254 A4X,+,VBAT,FIT
BT1,CP1254 A4X,-,GND,FIT
C1,1uF,1,5V_IN,FIT
C1,1uF,2,GND,FIT
C2,10uF,1,5V_IN,FIT
C2,10uF,2,GND,FIT
C3,10uF,1,VBAT,FIT
C3,10uF,2,GND,FIT
C4,1uF,1,VSYS,FIT
C4,1uF,2,GND,FIT
C5,2.2uF,1,VSYS,FIT
C5,2.2uF,2,GND,FIT
C6,10uF,1,1V8,FIT
C6,10uF,2,GND,FIT
C7,10uF,1,3V0,FIT
C7,10uF,2,GND,FIT
C8,100nF,1,1V8,FIT
C8,100nF,2,GND,FIT
C9,100nF,1,1V8,FIT
C9,100nF,2,GND,FIT
C10,100nF,1,1V8,FIT
C10,100nF,2,GND,FIT
C11,1uF,1,VSYS,FIT
C11,1uF,2,GND,FIT
C12,1uF,1,U5_REG,FIT
C12,1uF,2,GND,FIT
C13,1uF,1,3V0,DNP
C13,1uF,2,GND,DNP
C14,1uF,1,IQS_VREG,DNP
C14,1uF,2,GND,DNP
C15,100nF,1,1V8,DNP
C15,100nF,2,GND,DNP
C16,TBC,1,1V8,FIT
C16,TBC,2,GND,FIT
D1,TVS 5V,1:K,5V_IN,FIT
D1,TVS 5V,2:A,GND,FIT
E1,Shell electrode,1,TOUCH_E,FIT
J1,Pogo pads,1:5V,5V_IN,FIT
J1,Pogo pads,2:GND,GND,FIT
L1,2.2uH,1,SW1,FIT
L1,2.2uH,2,1V8,FIT
L2,2.2uH,1,SW2,FIT
L2,2.2uH,2,3V0,FIT
M1,LRA 8 mm,1,LRA_P,FIT
M1,LRA 8 mm,2,LRA_N,FIT
R1,4.7k,1,I2C_SDA,FIT
R1,4.7k,2,1V8,FIT
R2,4.7k,1,I2C_SCL,FIT
R2,4.7k,2,1V8,FIT
R3,TBC,1,VSET1,FIT
R3,TBC,2,GND,FIT
R4,TBC,1,VSET2,FIT
R4,TBC,2,GND,FIT
R5,470R,1,IQS_CX,DNP
R5,470R,2,TOUCH_E,DNP
R6,TBC,1,QVAR1,FIT
R6,TBC,2,TOUCH_E,FIT
TP1,TP SWDIO,1,SWDIO,FIT
TP2,TP SWDCLK,1,SWDCLK,FIT
TP3,TP 1V8,1,1V8,FIT
TP4,TP GND,1,GND,FIT
TP5,TP SHPHLD,1,SHPHLD,FIT
TP6,TP TOUT,1,IQS_TOUT,DNP
TP7,TP POUT,1,IQS_POUT,DNP
U1,BL54L15u,VDD,1V8,FIT
U1,BL54L15u,GND,GND,FIT
U1,BL54L15u,P1.04,TDM_BCLK,FIT
U1,BL54L15u,P1.05,TDM_WCLK,FIT
U1,BL54L15u,P1.06,TDM_DIN,FIT
U1,BL54L15u,P1.07,IMU_INT1,FIT
U1,BL54L15u,P1.08,MIC_WAKE,FIT
U1,BL54L15u,P1.09,PMIC_INT,FIT
U1,BL54L15u,P1.10,I2C_SDA,FIT
U1,BL54L15u,P1.11,I2C_SCL,FIT
U1,BL54L15u,P1.12,PDM_CLK,FIT
U1,BL54L15u,P1.13,PDM_DIN,FIT
U1,BL54L15u,P2.00,HAPTIC_EN,FIT
U1,BL54L15u,P2.01,HAPTIC_TRIG,FIT
U1,BL54L15u,P2.02,MIC_THSEL,FIT
U1,BL54L15u,SWDIO,SWDIO,FIT
U1,BL54L15u,SWDCLK,SWDCLK,FIT
U1,BL54L15u,nRESET,NC,FIT
U2,nPM1300,VBUS,5V_IN,FIT
U2,nPM1300,VBAT,VBAT,FIT
U2,nPM1300,VSYS,VSYS,FIT
U2,nPM1300,PVDD,VSYS,FIT
U2,nPM1300,SW1,SW1,FIT
U2,nPM1300,VOUT1,1V8,FIT
U2,nPM1300,SW2,SW2,FIT
U2,nPM1300,VOUT2,3V0,FIT
U2,nPM1300,PVSS1,GND,FIT
U2,nPM1300,PVSS2,GND,FIT
U2,nPM1300,AVSS,GND,FIT
U2,nPM1300,VDDIO,1V8,FIT
U2,nPM1300,SDA,I2C_SDA,FIT
U2,nPM1300,SCL,I2C_SCL,FIT
U2,nPM1300,GPIO0,PMIC_INT,FIT
U2,nPM1300,GPIO1,NC,FIT
U2,nPM1300,GPIO2,NC,FIT
U2,nPM1300,GPIO3,NC,FIT
U2,nPM1300,GPIO4,NC,FIT
U2,nPM1300,SHPHLD,SHPHLD,FIT
U2,nPM1300,NTC,NC,FIT
U2,nPM1300,VSET1,VSET1,FIT
U2,nPM1300,VSET2,VSET2,FIT
U2,nPM1300,CC1,NC,FIT
U2,nPM1300,CC2,NC,FIT
U2,nPM1300,VBUSOUT,NC,FIT
U2,nPM1300,LED0,NC,FIT
U2,nPM1300,LED1,NC,FIT
U2,nPM1300,LED2,NC,FIT
U2,nPM1300,LSIN1,NC,FIT
U2,nPM1300,LSOUT1,NC,FIT
U2,nPM1300,LSIN2,NC,FIT
U2,nPM1300,LSOUT2,NC,FIT
U3,LSM6DSV16BX,1:SDO_SA0,GND,FIT
U3,LSM6DSV16BX,2:TDMout,TDM_DIN,FIT
U3,LSM6DSV16BX,3:BCLK,TDM_BCLK,FIT
U3,LSM6DSV16BX,4:INT1,IMU_INT1,FIT
U3,LSM6DSV16BX,5:VDD_IO,1V8,FIT
U3,LSM6DSV16BX,6:QVAR1,QVAR1,FIT
U3,LSM6DSV16BX,7:GND,GND,FIT
U3,LSM6DSV16BX,8:VDD,1V8,FIT
U3,LSM6DSV16BX,9:QVAR2,NC,FIT
U3,LSM6DSV16BX,10:INT2,NC,FIT
U3,LSM6DSV16BX,11:WCLK,TDM_WCLK,FIT
U3,LSM6DSV16BX,12:CS,1V8,FIT
U3,LSM6DSV16BX,13:SCL,I2C_SCL,FIT
U3,LSM6DSV16BX,14:SDA,I2C_SDA,FIT
U4,T5838,1:DATA,PDM_DIN,FIT
U4,T5838,2:SELECT,GND,FIT
U4,T5838,3:GND,GND,FIT
U4,T5838,4:WAKE,MIC_WAKE,FIT
U4,T5838,5:THSEL,MIC_THSEL,FIT
U4,T5838,6:CLK,PDM_CLK,FIT
U4,T5838,7:VDD,1V8,FIT
U5,DRV2605L,VDD,VSYS,FIT
U5,DRV2605L,VDD_NC,VSYS,FIT
U5,DRV2605L,GND,GND,FIT
U5,DRV2605L,EN,HAPTIC_EN,FIT
U5,DRV2605L,IN_TRIG,HAPTIC_TRIG,FIT
U5,DRV2605L,SDA,I2C_SDA,FIT
U5,DRV2605L,SCL,I2C_SCL,FIT
U5,DRV2605L,REG,U5_REG,FIT
U5,DRV2605L,OUT+,LRA_P,FIT
U5,DRV2605L,OUT-,LRA_N,FIT
U6,V2S200D,VDD,1V8,DNP
U6,V2S200D,GND,GND,DNP
U6,V2S200D,CLK,PDM_CLK,DNP
U6,V2S200D,DATA,PDM_DIN,DNP
U6,V2S200D,SEL,1V8,DNP
U7,IQS227B,1:TOUT,IQS_TOUT,DNP
U7,IQS227B,2:GND,GND,DNP
U7,IQS227B,3:POUT,IQS_POUT,DNP
U7,IQS227B,4:VREG,IQS_VREG,DNP
U7,IQS227B,5:VDDHI,3V0,DNP
U7,IQS227B,6:CX,IQS_CX,DNP
