Designator,Mid X,Mid Y,Layer,Rotation
C1,8.300000mm,-16.870000mm,Top,0.000000
C2,10.850000mm,-19.200000mm,Top,90.000000
C3,6.460000mm,-14.880000mm,Top,90.000000
C4,8.380000mm,-12.860000mm,Top,90.000000
C5,17.350000mm,-14.650000mm,Top,0.000000
C6,20.500000mm,-17.550000mm,Top,90.000000
C7,20.500000mm,-11.750000mm,Top,90.000000
C8,30.480000mm,-9.560000mm,Top,90.000000
C9,26.640000mm,-13.490000mm,Top,90.000000
C10,26.800000mm,-15.860000mm,Top,90.000000
C11,23.000000mm,-9.800000mm,Top,0.000000
C12,23.000000mm,-17.400000mm,Top,0.000000
C16,14.940000mm,-8.100000mm,Top,90.000000
C17,8.400000mm,-15.300000mm,Top,90.000000
C18,18.490000mm,-9.220000mm,Top,0.000000
C19,14.550000mm,-18.230000mm,Top,0.000000
C20,17.570000mm,-18.210000mm,Top,0.000000
C21,15.410000mm,-19.840000mm,Top,0.000000
C22,16.300000mm,-10.300000mm,Top,90.000000
D1,4.120000mm,-14.070000mm,Top,0.000000
E1,28.500000mm,-25.000000mm,Top,0.000000
J1,3.400000mm,-7.800000mm,Top,-90.000000
J2,4.600000mm,-23.100000mm,Top,0.000000
J3,21.000000mm,-24.800000mm,Top,0.000000
J4,30.000000mm,-4.400000mm,Top,0.000000
J5,33.200000mm,-12.000000mm,Top,0.000000
L1,17.950000mm,-16.450000mm,Top,0.000000
L2,17.950000mm,-12.850000mm,Top,0.000000
R1,30.670000mm,-19.780000mm,Top,90.000000
R2,29.490000mm,-19.770000mm,Top,90.000000
R3,8.900000mm,-10.600000mm,Top,0.000000
R4,8.900000mm,-9.600000mm,Top,0.000000
R6,26.620000mm,-11.450000mm,Top,90.000000
R7,23.050000mm,-5.000000mm,Top,90.000000
R8,23.070000mm,-7.020000mm,Top,90.000000
RT1,13.780000mm,-10.150000mm,Top,90.000000
SW1,11.500000mm,-2.600000mm,Top,0.000000
SW2,10.400000mm,-7.400000mm,Top,0.000000
U1,19.000000mm,-4.050000mm,Top,90.000000
U2,12.600000mm,-14.400000mm,Top,180.000000
U3,29.000000mm,-12.200000mm,Top,0.000000
U4,29.000000mm,-16.600000mm,Top,90.000000
U5,24.000000mm,-13.600000mm,Top,90.000000
